comparison,age_1,age_2,genes_tested,significant_genes_FDR_0.05
DE_P542_vs_P69,P542,P69,32285,0
DE_P55_vs_P66,P55,P66,32285,0
DE_P553_vs_P68,P553,P68,32285,0
DE_18M_vs_P54,18M,P54,32285,0
DE_P55_vs_P64,P55,P64,32285,0
DE_P542_vs_P550,P542,P550,32285,1
DE_P55_vs_P550,P55,P550,32285,0
DE_P53_vs_P67,P53,P67,32285,0
DE_P62_vs_P68,P62,P68,32285,0
DE_9_wks_vs_P54,9 wks,P54,32285,0
DE_P544_vs_P60,P544,P60,32285,0
DE_P54_vs_P550,P54,P550,32285,0
DE_P545_vs_P66,P545,P66,32285,0
DE_18M_vs_P61,18M,P61,32285,0
DE_P545_vs_P62,P545,P62,32285,0
DE_P65_vs_P66,P65,P66,32285,0
DE_P549_vs_P550,P549,P550,32285,3
DE_P56_vs_P67,P56,P67,32285,0
DE_P54_vs_P69,P54,P69,32285,0
DE_P55_vs_P69,P55,P69,32285,0
DE_P546_vs_P56,P546,P56,32285,331
DE_P56_vs_P59,P56,P59,32285,1
DE_P553_vs_P64,P553,P64,32285,0
DE_P543_vs_P56,P543,P56,32285,24
DE_P53_vs_P549,P53,P549,32285,0
DE_P65_vs_P68,P65,P68,32285,0
DE_P53_vs_P59,P53,P59,32285,5
DE_P542_vs_P545,P542,P545,32285,0
DE_P550_vs_P58,P550,P58,32285,0
DE_9_wks_vs_P65,9 wks,P65,32285,0
DE_9_wks_vs_P60,9 wks,P60,32285,0
DE_P542_vs_P66,P542,P66,32285,0
DE_P54_vs_P68,P54,P68,32285,0
DE_P53_vs_P54,P53,P54,32285,0
DE_P540_vs_P58,P540,P58,32285,0
DE_P550_vs_P66,P550,P66,32285,0
DE_P62_vs_P64,P62,P64,32285,0
DE_P544_vs_P58,P544,P58,32285,0
DE_P53_vs_P545,P53,P545,32285,0
DE_P540_vs_P550,P540,P550,32285,0
DE_18M_vs_P69,18M,P69,32285,0
DE_P540_vs_P62,P540,P62,32285,0
DE_P553_vs_P58,P553,P58,32285,0
DE_P54_vs_P540,P54,P540,32285,0
DE_P66_vs_P67,P66,P67,32285,0
DE_P53_vs_P541,P53,P541,32285,0
DE_P543_vs_P60,P543,P60,32285,0
DE_9_wks_vs_P64,9 wks,P64,32285,0
DE_P540_vs_P55,P540,P55,32285,0
DE_P540_vs_P546,P540,P546,32285,0
DE_P540_vs_P542,P540,P542,32285,0
DE_P545_vs_P56,P545,P56,32285,115
DE_P542_vs_P67,P542,P67,32285,0
DE_P553_vs_P56,P553,P56,32285,213
DE_P66_vs_P68,P66,P68,32285,0
DE_P59_vs_P64,P59,P64,32285,0
DE_P60_vs_P64,P60,P64,32285,0
DE_P67_vs_P69,P67,P69,32285,0
DE_P53_vs_P61,P53,P61,32285,0
DE_P550_vs_P553,P550,P553,32285,0
DE_P547_vs_P61,P547,P61,32285,0
DE_P60_vs_P68,P60,P68,32285,0
DE_9_wks_vs_P67,9 wks,P67,32285,0
DE_P549_vs_P69,P549,P69,32285,0
DE_P545_vs_P69,P545,P69,32285,1
DE_P541_vs_P544,P541,P544,32285,0
DE_P541_vs_P61,P541,P61,32285,0
DE_P545_vs_P55,P545,P55,32285,0
DE_P64_vs_P69,P64,P69,32285,0
DE_P53_vs_P546,P53,P546,32285,0
DE_P58_vs_P59,P58,P59,32285,0
DE_P54_vs_P58,P54,P58,32285,0
DE_9_wks_vs_P553,9 wks,P553,32285,0
DE_P541_vs_P60,P541,P60,32285,0
DE_P53_vs_P64,P53,P64,32285,0
DE_P540_vs_P56,P540,P56,32285,1529
DE_P60_vs_P69,P60,P69,32285,0
DE_P542_vs_P65,P542,P65,32285,1
DE_P55_vs_P62,P55,P62,32285,0
DE_P547_vs_P59,P547,P59,32285,7
DE_P61_vs_P64,P61,P64,32285,0
DE_P54_vs_P543,P54,P543,32285,0
DE_P61_vs_P68,P61,P68,32285,0
DE_P59_vs_P60,P59,P60,32285,0
DE_P542_vs_P60,P542,P60,32285,1
DE_P55_vs_P60,P55,P60,32285,0
DE_P543_vs_P544,P543,P544,32285,0
DE_P546_vs_P58,P546,P58,32285,0
DE_P541_vs_P62,P541,P62,32285,0
DE_P543_vs_P59,P543,P59,32285,0
DE_P546_vs_P69,P546,P69,32285,0
DE_P544_vs_P64,P544,P64,32285,0
DE_P53_vs_P547,P53,P547,32285,0
DE_P542_vs_P59,P542,P59,32285,0
DE_P553_vs_P67,P553,P67,32285,8
DE_P59_vs_P68,P59,P68,32285,0
DE_P56_vs_P61,P56,P61,32285,0
DE_9_wks_vs_P56,9 wks,P56,32285,0
DE_P544_vs_P67,P544,P67,32285,0
DE_P543_vs_P62,P543,P62,32285,0
DE_P544_vs_P59,P544,P59,32285,5
DE_P53_vs_P68,P53,P68,32285,0
DE_P54_vs_P55,P54,P55,32285,0
DE_P54_vs_P541,P54,P541,32285,0
DE_P541_vs_P543,P541,P543,32285,0
DE_9_wks_vs_P546,9 wks,P546,32285,0
DE_P541_vs_P69,P541,P69,32285,0
DE_P53_vs_P543,P53,P543,32285,0
DE_P58_vs_P60,P58,P60,32285,0
DE_P59_vs_P61,P59,P61,32285,0
DE_P541_vs_P553,P541,P553,32285,0
DE_9_wks_vs_P69,9 wks,P69,32285,0
DE_9_wks_vs_P541,9 wks,P541,32285,0
DE_P543_vs_P68,P543,P68,32285,1
DE_P545_vs_P59,P545,P59,32285,0
DE_P547_vs_P56,P547,P56,32285,583
DE_P544_vs_P547,P544,P547,32285,0
DE_P59_vs_P66,P59,P66,32285,4
DE_P550_vs_P64,P550,P64,32285,0
DE_P542_vs_P553,P542,P553,32285,0
DE_P53_vs_P66,P53,P66,32285,0
DE_P544_vs_P546,P544,P546,32285,0
DE_P58_vs_P66,P58,P66,32285,0
DE_P53_vs_P69,P53,P69,32285,0
DE_P546_vs_P68,P546,P68,32285,0
DE_P55_vs_P68,P55,P68,32285,0
DE_P545_vs_P58,P545,P58,32285,0
DE_P550_vs_P56,P550,P56,32285,2022
DE_P55_vs_P56,P55,P56,32285,1038
DE_P543_vs_P55,P543,P55,32285,0
DE_P543_vs_P65,P543,P65,32285,0
DE_P66_vs_P69,P66,P69,32285,19
DE_P541_vs_P550,P541,P550,32285,0
DE_P540_vs_P60,P540,P60,32285,0
DE_P546_vs_P549,P546,P549,32285,0
DE_P543_vs_P67,P543,P67,32285,0
DE_P545_vs_P547,P545,P547,32285,0
DE_P61_vs_P67,P61,P67,32285,0
DE_P55_vs_P58,P55,P58,32285,0
DE_P546_vs_P553,P546,P553,32285,0
DE_P542_vs_P56,P542,P56,32285,623
DE_18M_vs_P62,18M,P62,32285,0
DE_P543_vs_P546,P543,P546,32285,0
DE_18M_vs_P545,18M,P545,32285,0
DE_P547_vs_P553,P547,P553,32285,0
DE_P546_vs_P66,P546,P66,32285,0
DE_P549_vs_P60,P549,P60,32285,0
DE_P543_vs_P549,P543,P549,32285,0
DE_18M_vs_P544,18M,P544,32285,0
DE_P54_vs_P549,P54,P549,32285,0
DE_P547_vs_P65,P547,P65,32285,0
DE_P55_vs_P61,P55,P61,32285,0
DE_P541_vs_P549,P541,P549,32285,0
DE_18M_vs_P67,18M,P67,32285,0
DE_P55_vs_P65,P55,P65,32285,0
DE_P53_vs_P62,P53,P62,32285,1
DE_P56_vs_P58,P56,P58,32285,220
DE_P546_vs_P64,P546,P64,32285,0
DE_P541_vs_P56,P541,P56,32285,1981
DE_P59_vs_P69,P59,P69,32285,0
DE_P543_vs_P61,P543,P61,32285,0
DE_P541_vs_P546,P541,P546,32285,0
DE_P545_vs_P549,P545,P549,32285,0
DE_P545_vs_P61,P545,P61,32285,0
DE_P541_vs_P545,P541,P545,32285,0
DE_P58_vs_P61,P58,P61,32285,0
DE_P55_vs_P67,P55,P67,32285,158
DE_P54_vs_P547,P54,P547,32285,0
DE_P543_vs_P66,P543,P66,32285,0
DE_18M_vs_P553,18M,P553,32285,0
DE_P549_vs_P65,P549,P65,32285,1
DE_P540_vs_P543,P540,P543,32285,0
DE_P549_vs_P64,P549,P64,32285,0
DE_P549_vs_P58,P549,P58,32285,0
DE_9_wks_vs_P59,9 wks,P59,32285,0
DE_P550_vs_P65,P550,P65,32285,0
DE_9_wks_vs_P62,9 wks,P62,32285,0
DE_P542_vs_P546,P542,P546,32285,0
DE_P58_vs_P64,P58,P64,32285,0
DE_P540_vs_P553,P540,P553,32285,0
DE_9_wks_vs_P549,9 wks,P549,32285,0
DE_P53_vs_P56,P53,P56,32285,27
DE_P59_vs_P67,P59,P67,32285,0
DE_P61_vs_P65,P61,P65,32285,0
DE_P54_vs_P546,P54,P546,32285,0
DE_18M_vs_P549,18M,P549,32285,0
DE_P545_vs_P60,P545,P60,32285,0
DE_P550_vs_P59,P550,P59,32285,1
DE_18M_vs_P540,18M,P540,32285,0
DE_P54_vs_P67,P54,P67,32285,0
DE_P550_vs_P67,P550,P67,32285,144
DE_P54_vs_P553,P54,P553,32285,0
DE_P58_vs_P62,P58,P62,32285,0
DE_P541_vs_P67,P541,P67,32285,391
DE_9_wks_vs_P547,9 wks,P547,32285,0
DE_P54_vs_P544,P54,P544,32285,0
DE_P541_vs_P55,P541,P55,32285,0
DE_P542_vs_P55,P542,P55,32285,0
DE_P547_vs_P550,P547,P550,32285,0
DE_9_wks_vs_P68,9 wks,P68,32285,0
DE_P553_vs_P59,P553,P59,32285,4
DE_P56_vs_P66,P56,P66,32285,489
DE_P544_vs_P69,P544,P69,32285,0
DE_P553_vs_P66,P553,P66,32285,0
DE_P541_vs_P59,P541,P59,32285,0
DE_P53_vs_P58,P53,P58,32285,0
DE_P542_vs_P547,P542,P547,32285,0
DE_P553_vs_P61,P553,P61,32285,0
DE_P544_vs_P62,P544,P62,32285,1
DE_P54_vs_P62,P54,P62,32285,0
DE_P547_vs_P58,P547,P58,32285,0
DE_P540_vs_P547,P540,P547,32285,0
DE_18M_vs_P546,18M,P546,32285,0
DE_P547_vs_P55,P547,P55,32285,0
DE_P53_vs_P65,P53,P65,32285,0
DE_P541_vs_P547,P541,P547,32285,0
DE_18M_vs_P550,18M,P550,32285,0
DE_P62_vs_P65,P62,P65,32285,0
DE_P546_vs_P67,P546,P67,32285,3
DE_P547_vs_P62,P547,P62,32285,1
DE_P65_vs_P67,P65,P67,32285,0
DE_P547_vs_P64,P547,P64,32285,0
DE_P550_vs_P61,P550,P61,32285,0
DE_9_wks_vs_P66,9 wks,P66,32285,0
DE_P60_vs_P67,P60,P67,32285,0
DE_P58_vs_P65,P58,P65,32285,0
DE_18M_vs_P59,18M,P59,32285,0
DE_P540_vs_P67,P540,P67,32285,29
DE_P58_vs_P68,P58,P68,32285,0
DE_P540_vs_P65,P540,P65,32285,0
DE_P59_vs_P65,P59,P65,32285,0
DE_P542_vs_P58,P542,P58,32285,0
DE_P549_vs_P61,P549,P61,32285,0
DE_P60_vs_P65,P60,P65,32285,0
DE_P549_vs_P59,P549,P59,32285,0
DE_P60_vs_P62,P60,P62,32285,0
DE_P540_vs_P68,P540,P68,32285,7
DE_P540_vs_P66,P540,P66,32285,0
DE_9_wks_vs_P544,9 wks,P544,32285,0
DE_P547_vs_P66,P547,P66,32285,0
DE_P542_vs_P544,P542,P544,32285,0
DE_9_wks_vs_P61,9 wks,P61,32285,0
DE_18M_vs_P542,18M,P542,32285,0
DE_P59_vs_P62,P59,P62,32285,0
DE_P62_vs_P66,P62,P66,32285,0
DE_P53_vs_P553,P53,P553,32285,0
DE_P553_vs_P62,P553,P62,32285,0
DE_P543_vs_P547,P543,P547,32285,0
DE_9_wks_vs_P55,9 wks,P55,32285,0
DE_P544_vs_P65,P544,P65,32285,0
DE_P64_vs_P67,P64,P67,32285,0
DE_18M_vs_P68,18M,P68,32285,0
DE_P61_vs_P69,P61,P69,32285,0
DE_P553_vs_P65,P553,P65,32285,0
DE_P53_vs_P540,P53,P540,32285,0
DE_P542_vs_P64,P542,P64,32285,0
DE_P53_vs_P55,P53,P55,32285,0
DE_18M_vs_P60,18M,P60,32285,0
DE_P542_vs_P549,P542,P549,32285,0
DE_18M_vs_P55,18M,P55,32285,0
DE_P542_vs_P543,P542,P543,32285,0
DE_P541_vs_P64,P541,P64,32285,1
DE_18M_vs_P543,18M,P543,32285,0
DE_9_wks_vs_P550,9 wks,P550,32285,0
DE_P541_vs_P58,P541,P58,32285,0
DE_P68_vs_P69,P68,P69,32285,0
DE_P544_vs_P549,P544,P549,32285,0
DE_P54_vs_P542,P54,P542,32285,0
DE_P550_vs_P69,P550,P69,32285,3
DE_P543_vs_P64,P543,P64,32285,0
DE_P540_vs_P549,P540,P549,32285,0
DE_P542_vs_P61,P542,P61,32285,0
DE_P64_vs_P65,P64,P65,32285,0
DE_P545_vs_P546,P545,P546,32285,0
DE_P550_vs_P62,P550,P62,32285,0
DE_P544_vs_P68,P544,P68,32285,0
DE_P545_vs_P64,P545,P64,32285,0
DE_P546_vs_P550,P546,P550,32285,0
DE_P543_vs_P545,P543,P545,32285,0
DE_P547_vs_P549,P547,P549,32285,0
DE_9_wks_vs_P545,9 wks,P545,32285,0
DE_P53_vs_P544,P53,P544,32285,0
DE_P540_vs_P64,P540,P64,32285,0
DE_P540_vs_P59,P540,P59,32285,0
DE_P553_vs_P60,P553,P60,32285,0
DE_P546_vs_P59,P546,P59,32285,0
DE_P61_vs_P62,P61,P62,32285,0
DE_P549_vs_P56,P549,P56,32285,220
DE_P547_vs_P69,P547,P69,32285,6
DE_P553_vs_P69,P553,P69,32285,23
DE_P55_vs_P553,P55,P553,32285,0
DE_P546_vs_P547,P546,P547,32285,0
DE_P542_vs_P62,P542,P62,32285,0
DE_18M_vs_P541,18M,P541,32285,0
DE_P58_vs_P69,P58,P69,32285,0
DE_P541_vs_P542,P541,P542,32285,0
DE_P60_vs_P61,P60,P61,32285,0
DE_P543_vs_P553,P543,P553,32285,2
DE_P546_vs_P61,P546,P61,32285,0
DE_P549_vs_P62,P549,P62,32285,0
DE_P544_vs_P56,P544,P56,32285,9
DE_P54_vs_P56,P54,P56,32285,10
DE_P549_vs_P67,P549,P67,32285,7
DE_P549_vs_P68,P549,P68,32285,14
DE_P549_vs_P66,P549,P66,32285,1
DE_P54_vs_P60,P54,P60,32285,0
DE_P54_vs_P61,P54,P61,32285,0
DE_P53_vs_P542,P53,P542,32285,0
DE_P544_vs_P550,P544,P550,32285,0
DE_P54_vs_P59,P54,P59,32285,0
DE_9_wks_vs_P53,9 wks,P53,32285,0
DE_P540_vs_P541,P540,P541,32285,0
DE_P64_vs_P68,P64,P68,32285,0
DE_P62_vs_P67,P62,P67,32285,0
DE_P540_vs_P69,P540,P69,32285,0
DE_P545_vs_P65,P545,P65,32285,0
DE_P543_vs_P550,P543,P550,32285,2
DE_P544_vs_P66,P544,P66,32285,0
DE_P65_vs_P69,P65,P69,32285,81
DE_P541_vs_P68,P541,P68,32285,357
DE_P54_vs_P545,P54,P545,32285,0
DE_18M_vs_P547,18M,P547,32285,1
DE_P54_vs_P65,P54,P65,32285,0
DE_P53_vs_P550,P53,P550,32285,0
DE_P543_vs_P69,P543,P69,32285,0
DE_P55_vs_P59,P55,P59,32285,0
DE_18M_vs_P65,18M,P65,32285,0
DE_P547_vs_P67,P547,P67,32285,35
DE_P546_vs_P60,P546,P60,32285,0
DE_P64_vs_P66,P64,P66,32285,0
DE_P540_vs_P61,P540,P61,32285,0
DE_P546_vs_P62,P546,P62,32285,0
DE_P56_vs_P68,P56,P68,32285,0
DE_P56_vs_P64,P56,P64,32285,0
DE_18M_vs_9_wks,18M,9 wks,32285,0
DE_P543_vs_P58,P543,P58,32285,0
DE_18M_vs_P56,18M,P56,32285,1
DE_P542_vs_P68,P542,P68,32285,1
DE_P54_vs_P64,P54,P64,32285,0
DE_P67_vs_P68,P67,P68,32285,0
DE_P544_vs_P55,P544,P55,32285,0
DE_18M_vs_P66,18M,P66,32285,0
DE_P545_vs_P553,P545,P553,32285,0
DE_P56_vs_P65,P56,P65,32285,195
DE_P56_vs_P62,P56,P62,32285,0
DE_P545_vs_P67,P545,P67,32285,0
DE_P544_vs_P545,P544,P545,32285,3
DE_P550_vs_P60,P550,P60,32285,0
DE_P544_vs_P553,P544,P553,32285,0
DE_P546_vs_P55,P546,P55,32285,0
DE_P540_vs_P545,P540,P545,32285,0
DE_P62_vs_P69,P62,P69,32285,0
DE_P540_vs_P544,P540,P544,32285,0
DE_9_wks_vs_P540,9 wks,P540,32285,0
DE_P547_vs_P60,P547,P60,32285,0
DE_P545_vs_P550,P545,P550,32285,0
DE_P61_vs_P66,P61,P66,32285,0
DE_9_wks_vs_P58,9 wks,P58,32285,0
DE_P58_vs_P67,P58,P67,32285,32
DE_9_wks_vs_P542,9 wks,P542,32285,0
DE_P547_vs_P68,P547,P68,32285,2
DE_P545_vs_P68,P545,P68,32285,0
DE_P56_vs_P69,P56,P69,32285,0
DE_18M_vs_P64,18M,P64,32285,0
DE_P60_vs_P66,P60,P66,32285,0
DE_9_wks_vs_P543,9 wks,P543,32285,0
DE_18M_vs_P53,18M,P53,32285,0
DE_P53_vs_P60,P53,P60,32285,0
DE_P549_vs_P553,P549,P553,32285,0
DE_P549_vs_P55,P549,P55,32285,0
DE_P541_vs_P65,P541,P65,32285,0
DE_P54_vs_P66,P54,P66,32285,0
DE_P546_vs_P65,P546,P65,32285,0
DE_18M_vs_P58,18M,P58,32285,0
DE_P544_vs_P61,P544,P61,32285,0
DE_P541_vs_P66,P541,P66,32285,0
DE_P56_vs_P60,P56,P60,32285,35
DE_P550_vs_P68,P550,P68,32285,41
